first_name,last_name,email
John,Doe,john-doe@company.com
Mary,Smith-Robinson,maryjacobs@company.com
Dave,Smith,davesmith@company.com
Jane,Stuart,jamestuart@company.com
Tom,Wright,tomwright@company.com
Ugo,C. Ugo,ugocugo@company.com
Shino,Peters,shinopeters@company.com
Right,Wrong,rightwrong@company.com
